subject,relation,object
central character,is,Harry Potter
central character,is,wizard
central character,lives in,ordinary world of non-magical people known as Muggles
central character,lives in,ordinary world of people
central character,lives in,ordinary world of people known
central character,lives in,world of people known
character,lives in,ordinary world of non-magical people known
character,lives in,world
character,lives in,world of people
character,lives in,world of non-magical people known
character,discovers at,age
character,lives in,ordinary world
central character,is in,series aunt
character,lives in,ordinary world of people known as Muggles
central character,is in,series
Surrey,is with,central character in series aunt
central character,lives in,world of non-magical people
character,is,wizard
character,discovers at,age of eleven
central character,lives in,world of people
central character,lives in,world of people known as Muggles
central character,lives in,ordinary world of people known as Muggles
central character,lives in,ordinary world of non-magical people
character,lives in,ordinary world of non-magical people known as Muggles
character,is,Harry Potter
character,lives in,world of non-magical people
central character,lives in,world of non-magical people known as Muggles
central character,lives in,world
central character,lives in,world of non-magical people known
central character,discovers at,age of eleven
central character,lives in,ordinary world
character,lives in,ordinary world of non-magical people
character,lives in,ordinary world of people known
Harry Potter,Surrey with,central character in series aunt
central character,lives in,ordinary world of non-magical people known
central character,discovers at,age
character,lives in,world of people known
character,lives in,world of non-magical people known as Muggles
character,lives in,ordinary world of people
character,lives in,world of people known as Muggles
ordinary world,known,Muggles exists
ordinary world,known,as Muggles exists
world,known,as Muggles exists parallel
world,known,as Muggles exists parallel to Muggle world
world,known,Muggles exists parallel
ordinary world,known,as Muggles exists parallel
ordinary world,known,Muggles exists parallel to Muggle world
ordinary world,known,Muggles exists parallel
world,known,as Muggles exists
world,known,Muggles exists parallel to Muggle world
ordinary world,known,as Muggles exists parallel to Muggle world
world,known,Muggles exists
necessary skills,succeed in,world of non-magical people
necessary skills,succeed in,ordinary world of people known
necessary skills,succeed in,ordinary world of people known as Muggles
necessary skills,succeed in,world of people
skills,succeed in,world of non-magical people
necessary skills,succeed in,ordinary world
skills,succeed in,ordinary world of people
skills,succeed in,world of people known
necessary skills,succeed in,ordinary world of people
skills,succeed in,world
children,attend,exclusive magic schools
necessary skills,succeed in,ordinary world of non-magical people
skills,succeed in,ordinary world of non-magical people
skills,succeed in,ordinary world
necessary skills,succeed in,world
necessary skills,succeed in,world of non-magical people known
skills,succeed in,world of non-magical people known
necessary skills,succeed in,world of people known as Muggles
skills,succeed in,ordinary world of people known as Muggles
skills,succeed in,ordinary world of people known
necessary skills,succeed in,ordinary world of non-magical people known as Muggles
children,attend,magic schools
skills,succeed in,world of people known as Muggles
necessary skills,succeed in,world of non-magical people known as Muggles
necessary skills,succeed in,ordinary world of non-magical people known
skills,succeed in,ordinary world of non-magical people known
character,is,inborn
skills,succeed in,world of people
children,is with,such abilities
skills,succeed in,world of non-magical people known as Muggles
skills,succeed in,ordinary world of non-magical people known as Muggles
necessary skills,succeed in,world of people known
children,are,invited
Hogwarts School,academy in,Scotland
Harry,student at,Hogwarts School of Witchcraft
wizarding academy,is in,Scotland
Harry,student at,wizarding academy
Harry,becomes,student at Hogwarts School
Harry,student at,academy
Harry,becomes,student at Hogwarts School of Witchcraft
Harry,becomes,student
events,is in,series
Witchcraft,of School is,wizarding academy in Scotland
Harry,student at,wizarding academy in Scotland
Harry,develops through,Harry adolescence
Harry,learns,As Harry develops through Harry adolescence
wizarding Britain,in,increasingly violent second wizarding war
Harry,learns,Harry develops through Harry adolescence
Harry,overcome,problems
Harry,learns,Harry develops
Harry,learns,As Harry develops
Harry,in,life
novel,chronicles at_time,one year
environment,is,intimately connected
environment,is,connected
environment,is connected to,reality
environment,is intimately connected to,reality
Philosopher,has,Stone
community,is inspired by,1990s culture
world,exists,While universe
world,exists parallel,universe
world,contains versions,action set
world,contains versions,action set in Scotland
wizarding world,contains versions,with action set
wizarding world,contains versions,action mostly set in Scotland
fantasy land,is,universe
wizarding world,contains versions,action set in Scotland
wizarding world,exists parallel,While alternate universe
action,mostly set in,Scotland
world,exists parallel,While universe
world,exists parallel,alternate universe
wizarding world,contains versions,action mostly set
wizarding world,exists,While alternate universe
world,contains versions,action mostly set in Scotland
world,contains versions,with action set
wizarding world,contains versions,with action mostly set
wizarding world,contains versions,action set
Surrey,is in,southeast England
world,exists,While alternate universe
world,contains,versions
world,contains versions,action mostly set
world,exists parallel,While alternate universe
fantasy land,is,While alternate universe
world,contains versions,with action mostly set in Scotland
world,exists,alternate universe
fantasy land,Lord of,Rings ' Middle earth
wizarding world,exists,alternate universe
wizarding world,contains,versions
wizarding world,exists parallel,alternate universe
wizarding world,exists parallel,universe
wizarding world,contains versions,with action mostly set in Scotland
fantasy land,is,While universe
wizarding world,exists,universe
wizarding world,exists,While universe
action,set in,Scotland
land,is,alternate
world,contains versions,with action set in Scotland
fantasy land,is,alternate universe
world,contains versions,with action mostly set
wizarding world,exists parallel,While universe
world,comprises,collection
fragmented collection,world,castles invisible to Muggle population
real world,comprises,collection of streets
real world accessible,comprises,collection of hidden streets
real world,comprises,collection of hidden streets
world,comprises,collection of streets
collection,real world,castles
collection,world,castles
real world,comprises,collection of overlooked hidden streets
world accessible,comprises,collection
collection,world,castles invisible
world accessible,comprises,collection of overlooked hidden streets
world accessible,comprises,collection of hidden streets
real world accessible,comprises,collection of overlooked streets
collection,world,lonely country manors
fragmented collection,world,castles invisible
collection,world,pubs
real world accessible,comprises,collection of streets
world accessible,comprises,collection of streets
collection,world,castles invisible to Muggle population
world,comprises,collection of overlooked streets
fragmented collection,real world,castles
real world accessible,comprises,collection of overlooked hidden streets
real world,comprises,collection
collection,real world,castles invisible to Muggle population
real world accessible,comprises,collection
collection,world,country manors
collection,world,ancient pubs
collection,real world,castles invisible
collection,real world,country manors
fragmented collection,real world,castles invisible to Muggle population
world,comprises,collection of overlooked hidden streets
world,comprises,collection of hidden streets
collection,real world,ancient pubs
world accessible,comprises,collection of overlooked streets
fragmented collection,world,castles
collection,real world,lonely country manors
real world,comprises,collection of overlooked streets
event,taken place in,real world
significant event,taken,place
event,taken place in,world
it,is apparent at_time,Early years
significant event,taken place in,real world
event,taken,place
significant event,taken place in,world
it,is apparent at_time,years
past,is,revealed throughout series
past,is,revealed gradually
past,is,revealed
past,is,revealed gradually throughout series
Harry 's aunt,learning about,his abilities efforts
uncle 's prevention,learning Despite,Harry 's aunt learning
uncle,has,desperate prevention of Harry
uncle 's desperate prevention,learning Despite,Harry 's aunt learning about Harry abilities
Harry 's aunt,learning Despite,Harry 's aunt learning
Harry 's aunt uncle 's prevention learning,are in,vain
Harry 's aunt,learning Despite,Harry 's aunt learning about Harry abilities
uncle 's desperate prevention learning,are in,vain
uncle 's prevention,learning Despite,Harry 's aunt learning about Harry abilities
uncle,has,prevention
Harry 's aunt learning,are in,vain
Harry 's aunt uncle 's desperate prevention learning,are in,vain
Harry,has,aunt
uncle 's prevention,learning Despite,Harry 's aunt
uncle 's desperate prevention,learning Despite,Harry 's aunt
uncle 's desperate prevention,learning about,his abilities efforts
Harry,Despite,aunt learning about Harry abilities
Harry 's aunt,learning Despite,Harry 's aunt
uncle 's desperate prevention,learning Despite,Harry 's aunt learning
uncle 's prevention learning,are in,vain
uncle 's prevention,learning about,his abilities efforts
Harry,meets,half giant
Harry first contact,is with,real world
Harry,meets,Rubeus Hagrid
Hagrid,reveals,Hagrid
Hagrid,be,Keeper of Keys at Hogwarts
Harry,of,history
Hagrid,be,Keeper
Hagrid,be Keeper of,Keys
Hagrid,be Keeper at,Hogwarts
Harry,witnessed,Harry parents ' murder by dark wizard
Harry,witnessed,Harry parents ' murder by obsessed dark wizard
Harry,witnessed,Harry parents ' murder
Harry,witnessed,Harry parents ' murder by power obsessed dark wizard
subsequently,kill,him
Harry,witnessed,Harry parents ' murder by wizard
Harry,witnessed,Harry parents ' murder by power obsessed wizard
Harry,witnessed,Harry parents ' murder by obsessed wizard
Harry,survived with,only shaped scar
Harry,survived with,scar on Harry forehead
Harry,survived with,shaped scar
Harry,survived with,lightning shaped scar
Harry,survived with,only scar
Harry,survived with,only scar on Harry forehead
Harry,survived with,scar
Harry,survived with,only lightning shaped scar
Harry,has become As,its inadvertent saviour from Voldemort 's reign
Harry,has become,living legend in world
Voldemort,from,reign of terror
Harry,has become,living legend in wizarding world
Harry,has become As,its inadvertent saviour
Harry,has become As,its inadvertent saviour from Voldemort 's reign of terror
Harry,has become As,its saviour from Voldemort 's reign
living legend,is in,wizarding world
Harry,has become,living legend
Harry,has become As,its saviour
Harry,has become As,its saviour from Voldemort 's reign of terror
him,treating,him
Harry,attend,school in Scotland
Harry,attend,school
Hagrid,invites,Harry
Hagrid,officially invites,Harry
Harry,attend,Hogwarts School
Harry,attend,famous school
Hogwarts School,school in,Scotland
Harry,attend,magic school
Harry,attend,Hogwarts School of Witchcraft
famous magic school,is in,Scotland
Harry,attend,famous magic school in Scotland
Hagrid,then officially invites,Harry
Harry,attend,magic school in Scotland
Witchcraft,of School is,famous magic school in Scotland
Harry,attend,famous magic school
Harry,attend,famous school in Scotland
Harry,prepares With,Hagrid 's help
Hagrid,With,help
Harry,prepares for,Harry year of study
Harry,prepares at,Hogwarts
Harry,prepares for,Harry year
Harry,prepares for,Harry first year of study
Harry,prepares for,Harry first year
reader,is introduced,As Harry begins
reader,is introduced,Harry begins
Harry,explore,magical world
Harry,explore,world
reader,is,introduced
Ron Weasley,witch of,non-magical parentage
Ron Weasley,member of,ancient large happy
Harry,encounters,Severus Snape
school,'s master is,Severus Snape
Harry,also encounters,Severus Snape
Harry,encounters,school 's potions master
Harry,quickly makes,enemies
Harry,makes,enemies
school,has,potions master
Harry house 's Quidditch team,sport in,wizarding world
Harry,also discovers,talent of flying on broomsticks
Harry house,for,Quidditch team
Harry,is recruited for,sport in wizarding world
sport,is in,wizarding world
Harry,is,recruited
Harry,also discovers,talent
Harry,discovers,talent of flying
Harry house,'s team is,sport in wizarding world
Harry,discovers,talent
Harry,discovers,talent of flying on broomsticks
Harry,is recruited for,sport
Harry,is recruited for,sport in world
Harry,also discovers,talent of flying
Harry,is recruited for,Harry house 's Quidditch team
everlasting life,turns,metal
Harry 's second confrontation,is with,Lord Voldemort
first book,concludes with,Harry 's confrontation with Lord Voldemort
everlasting life,turns metal into,gold
book,concludes with,Harry 's second confrontation with Lord Voldemort
first book,concludes with,Harry 's second confrontation
first book,concludes with,Harry 's confrontation
Philosopher,'s Stone is,substance
Harry,with,second confrontation with Lord Voldemort
life,turns metal into,gold
book,concludes with,Harry 's confrontation
Philosopher,of,Stone
life,turns metal into,pure gold
book,concludes with,Harry 's confrontation with Lord Voldemort
life,turns,metal
first book,concludes with,Harry 's second confrontation with Lord Voldemort
book,concludes with,Harry 's second confrontation
everlasting life,turns metal into,pure gold
series,continues with,Harry Potter
Harry,has,second year
series,continues with,Harry Potter describing Harry 's year at Hogwarts
series,continues with,Harry Potter describing Harry 's year
series,continues with,Harry Potter describing Harry 's second year
series,continues with,Harry Potter describing Harry 's second year at Hogwarts
He,investigate,mystery
friends,investigate,50 year old mystery
He,investigate,50 year old mystery
friends,investigate,mystery
Ron,has,younger sister
Ron 's younger sister,enrols in,her first year
enrols,is in,her first year
her,belongings,Tom Marvolo Riddle written during World War II
Ron,'s sister is,enrols in first year at Hogwarts
Ron,'s sister is,Ginny Weasley
Ron 's younger sister,enrols at,Hogwarts
Tom Marvolo Riddle,written during,World War II
mudbloods,of school is,describing wizards
He,is later revealed,Voldemort 's younger self
He,is later revealed,Voldemort 's self
He,is revealed,Voldemort 's younger self
He,is,revealed
He,is later revealed,to Voldemort 's younger self
He,be,Voldemort 's self
He,is later revealed,to Voldemort 's self
He,is revealed,to Voldemort 's self
He,is revealed,to Voldemort 's younger self
He,is revealed,Voldemort 's self
He,be,Voldemort 's younger self
He,is,later revealed
Ginny,begins,to confide in diary
Ginny,begins,confide in diary
Voldemort,possess,Ginny
memory,resides inside,diary
Ginny,begins,confide
Voldemort,is,able
Ginny,begins,to confide
Ginny,confide in,diary
Ginny,acts later Through,diary
Ginny,opens,Chamber
Voldemort,on,orders
Ginny,unconsciously opens,Chamber
Ginny,unleashing,monster
Ginny,acts on,Voldemort 's orders
Ginny,unconsciously opens,Chamber of Secrets
Ginny,acts Through,diary
Ginny,unleashing,ancient monster
Ginny,acts later on,Voldemort 's orders
Ginny,opens,Chamber of Secrets
direct eye contact,petrifies,those
direct eye contact,is with,Chamber of Secrets
Chamber,kills,those
those,Chamber of,Secrets
eye contact,petrifies,those
Chamber,introduces Defence Against,highly cheerful self conceited wizard with facade
new Defence,Chamber of,Secrets
Chamber,introduces Defence Against,Gilderoy Lockhart
Chamber,introduces Defence Against,cheerful wizard with pretentious facade
Chamber,introduces,Defence
Chamber,introduces Defence Against,wizard
cheerful conceited wizard,is with,pretentious facade
Chamber,introduces Defence Against,highly cheerful wizard with facade
Chamber,introduces Defence Against,self conceited wizard with facade
Chamber,introduces Defence Against,self conceited wizard
Chamber,introduces Defence Against,cheerful wizard
Chamber,introduces Defence Against,highly cheerful wizard with pretentious facade
Chamber,introduces Defence Against,cheerful self conceited wizard with pretentious facade
Defence,Chamber of,Secrets
Chamber,introduces Defence Against,wizard with facade
Chamber,introduces Defence Against,cheerful self conceited wizard with facade
Chamber,introduces Defence Against,highly cheerful wizard
Chamber,introduces,new Defence
Chamber,introduces Defence Against,cheerful self conceited wizard
Dark Arts teacher,wizard with,pretentious facade
Chamber,introduces Defence Against,wizard with pretentious facade
Chamber,introduces Defence Against,cheerful wizard with facade
Chamber,introduces Defence Against,Dark Arts teacher
Chamber,introduces Defence Against,highly cheerful self conceited wizard
Chamber,introduces Defence Against,self conceited wizard with pretentious facade
Chamber,introduces Defence Against,highly cheerful self conceited wizard with pretentious facade
prejudice,exists in,Wizarding World
witches,were,descended
Voldemort,has,reign of terror
school,into,history
Voldemort 's reign,was often directed at,wizards
prejudice,exists through,delving into school 's history
witches,were descended from,Muggles
Voldemort 's reign,was,directed
Voldemort 's reign,was,often directed
Voldemort 's reign,was directed at,wizards
prejudice,exists through,delving
Harry learns,associated with,Dark Arts
Harry ability,speak,snake language Parseltongue
Harry learns,often associated with,Dark Arts
Harry learns,is,rare
Harry,destroying part,as Harry Ron learn
Harry,destroying part,as Ron learn
Harry,destroying,part
Harry,destroying part,as Ron learn later
Harry,also destroying part,as Ron learn later
Harry,destroying,diary
Harry,also destroying part,Ron learn later
Harry,destroying part,as Harry Ron learn later
puzzles,unlock,Chamber
Harry,also destroying part,Harry Ron learn
Harry,also destroying,part
Harry,also destroying part,as Harry Ron learn
Harry,also destroying,part of Voldemort 's soul
Voldemort,of,soul
Harry,destroying part,Ron learn
Harry,destroying,diary for Ginny
Harry,destroying,diary for good Ginny
Harry,destroying part,Harry learn
Harry,also destroying part,as Harry Ron learn later
Harry,destroying part,as Harry learn later
Harry,destroying part,Ron learn later
Harry,also destroying part,Ron learn
Harry,also destroying part,as Harry learn later
Harry,also destroying part,as Harry learn
Harry,also destroying part,Harry learn later
Harry,destroying part,as Harry learn
puzzles,unlock,Chamber of Secrets
Harry,also destroying part,as Ron learn
Harry,diary for,Ginny
Harry,destroying part,Harry Ron learn
Harry,destroying part,Harry learn later
Harry,destroying,part of Voldemort 's soul
Harry,also destroying part,Harry Ron learn later
Harry,also destroying part,Harry learn
Harry,destroying part,Harry Ron learn later
Harry,diary for,good Ginny
Ginny,into,belongings
end,reveals,Draco 's father of Ron 's father
Lucius Malfoy,end of,Chamber of Secrets
Lucius Malfoy,be,culprit
Lucius Malfoy,father of,Ron 's father
Ron,of,father
Lucius Malfoy,end of,Chamber
end,reveals,Draco 's father
Draco,has,father of father
end,reveals,Lucius Malfoy
Harry,is in,Harry
third novel,follows,Harry
Harry Potter,follows,Harry
novel,follows,Harry in Harry
Prisoner,follows,Harry
Harry,Prisoner of,Azkaban
third novel,follows,Harry in Harry
novel,follows,Harry
Prisoner,follows,Harry in Harry
Harry Potter,follows,Harry in Harry
It,being,mentioned
does feature,is in,form
It,is,only book
It,being,only mentioned
only book,is in,series
It,is,book
Harry,been targeted by,Harry father 's best friend
Harry,Instead must deal with,knowledge
Harry,of,parents
Harry father,has,best friend
Harry,must deal with,knowledge
Harry,been targeted by,Harry father 's friend
Harry,been targeted by,Sirius Black
dark creatures,devour soul on,despair
soul,creatures,feed
soul,despair,feed
human soul,dark creatures,feed
soul,creatures with,power
soul,dark creatures with,power
creatures,devour soul on,despair
creatures,devour,human soul
dark creatures,is with,power
dark creatures,devour,human soul
human soul,creatures,feed
human soul,despair,feed
human soul,creatures with,power
dark creatures,devour,soul
creatures,devour,soul
Harry,struggles with,Harry reaction
soul,dark creatures,feed
Harry,reaches out to,Lupin
human soul,dark creatures with,power
level,executed by,people Harry age
Lupin,teaches,Harry measures
level,generally executed by,people Harry age
Lupin,teaches,Harry defensive measures
Black,was framed by,Black friend
Black,were friends of,his father
Ron,'s rat is,Scabbers
Ron,as,pet rat
Black,were,friends
Harry,comes,know
Black,were best friends of,his father
Black,were,best friends
Black,was framed by,Peter Pettigrew
Black,was framed by,Black fourth friend
theme,is,In Chamber emphasised in book there
theme,is emphasised in,book there
recurring theme,is,In Chamber of Secrets emphasised in book there
theme,is,In Chamber of Secrets emphasised in book there
recurring theme,is emphasised in,book there
recurring theme,is,In Chamber emphasised in book there
Rowling,wrote,first part
Rowling,wrote,part of Harry Potter
Rowling,wrote,part
Rowling,part of,Harry Potter
cafés,is in,Edinburgh
Rowling,first part of,Harry Potter
Voldemort,returns,Elephant House
Rowling,wrote,first part of Harry Potter
Nicholson,has,Cafe
former 1st floor,now renamed,Spoon in Edinburgh
former floor,Spoon in,Edinburgh
former floor,renamed,Spoon
former 1st floor,renamed,Spoon in Edinburgh
former floor,now renamed,Spoon in Edinburgh
former 1st floor,Spoon in,Edinburgh
former 1st floor,renamed,Spoon
former floor,now renamed,Spoon
former floor,renamed,Spoon in Edinburgh
former 1st floor,now renamed,Spoon
former Nicholson,of,Cafe
Harry,is,During Harry 's fourth year of school unwillingly entered as participant
Harry,is unwillingly entered as,contest
Harry,is entered as,contest
Harry,is,During Harry 's year unwillingly entered as participant
Harry,is entered as,participant
Harry,is,During Harry 's year entered as participant
Harry,During,fourth year of school
Harry,is,During Harry 's fourth year of school entered as participant
Harry,is entered During,Harry 's fourth year
Harry,is entered as,participant in Triwizard Tournament
Harry,is,During Harry 's fourth year entered as participant
three champions,one from,participating school
Harry,is,unwillingly entered
Harry,is,During Harry 's year of school unwillingly entered as participant
Harry,is,During Harry 's year of school unwillingly entered as participant in Triwizard Tournament
Harry,is unwillingly entered as,participant in Triwizard Tournament
Harry,is,During Harry 's year unwillingly entered as participant in Triwizard Tournament
Harry,is,During Harry 's fourth year of school unwillingly entered as participant in Triwizard Tournament
Harry,is,entered
Harry,is,During Harry 's fourth year unwillingly entered as participant in Triwizard Tournament
Harry,is entered During,Harry 's year of school
Harry,is unwillingly entered During,Harry 's year
Harry,is,During Harry 's fourth year unwillingly entered as participant
Triwizard Tournament,in participant is,dangerous contest
Harry,is,During Harry 's fourth year entered as participant in Triwizard Tournament
Harry,is,During Harry 's fourth year of school entered as participant in Triwizard Tournament
Harry,is unwillingly entered as,dangerous contest
participant,is in,Triwizard Tournament
Harry,is entered During,Harry 's fourth year of school
Harry,is unwillingly entered as,participant
Harry,is,During Harry 's year of school entered as participant
Harry,is unwillingly entered During,Harry 's fourth year of school
Harry,is,During Harry 's year entered as participant in Triwizard Tournament
Harry,is,During Harry 's year of school entered as participant in Triwizard Tournament
Harry,is entered as,dangerous contest
Harry,is unwillingly entered During,Harry 's fourth year
Harry,is unwillingly entered During,Harry 's year of school
Harry,is entered During,Harry 's year
Harry,must compete at_time,Harry 's year of school
Harry,must compete at_time,Harry 's fourth year of school
Harry,has,friends
Harry,must compete at_time,Harry 's year
Harry,must compete at_time,Harry 's fourth year
Harry,has,fourth year of school
distance Harry,to,friends from Harry
disguise,in Crouch is,Jr.
Voldemort,of,supporters
Harry,is,guided through tournament by Harry 's friends
Harry,has,name
Barty Crouch,is in,disguise
Harry,is guided by,Harry 's friends
Harry,by,friends
series shift,is,uncertainty into open conflict
series shift,mystery,uncertainty into conflict
series shift,is,uncertainty
series shift,is,uncertainty into conflict
series shift,mystery,uncertainty
series shift,mystery,uncertainty into open conflict
tournament,bring,Harry
Crouch,use,tournament
Voldemort,has,plan to have
tournament,bring Harry to,Voldemort
Harry,manages,escape
other Hogwarts champion,is in,tournament
Harry,manages,to escape
Cedric Diggory,champion in,tournament
Cedric Diggory,is killed by,Peter Pettigrew
Sirius Black,from,dark family
Voldemort,has,targets
Voldemort 's minions,protect,especially Harry
Dumbledore,re-activates,Order
Voldemort,has,minions
Dumbledore,re-activates Order In,response to Voldemort 's reappearance
Voldemort,to,reappearance
Dumbledore,re-activates Order In,response
Voldemort 's minions,protect,Harry
Dumbledore,re-activates,Order of Phoenix
Voldemort,'s targets is,especially Harry
Dumbledore,re-activates,secret society
Voldemort 's minions,protect,Voldemort 's targets
home,defeat,Voldemort 's minions
Dumbledore,re-activates,society
Phoenix,of Order is,secret society
Voldemort,of,recent activities
Harry,Despite,description of recent activities
others,is in,magical world
prominent voice,is in,Wizarding World
Ministry,appoints Dolores Umbridge as,High Inquisitor
Voldemort,of,return
Ministry,appoints,Dolores Umbridge
Ministry,appoints Dolores Umbridge as,Inquisitor
Ministry,appoints Dolores Umbridge as,High Inquisitor of Hogwarts
Dolores Umbridge,Ministry of,Magic
Ministry,appoints Dolores Umbridge as,Inquisitor of Hogwarts
Dolores Umbridge,transforms,school
Dolores Umbridge,refuses,to allow
ways,defend,students against magic
Dolores Umbridge,refuses,allow
ways,defend,students
Dolores Umbridge,transforms school into,regime
students,learn,ways
ways,defend,students against dark magic
Dolores Umbridge,transforms school into,dictatorial regime
Harry,teach,higher level skills of Defence
Ron,form,Dumbledore 's Army
Harry previous encounters,is with,Dark wizards
Harry,teach,Harry classmates
Hermione,form,secret study group
Harry,teach,level skills of Defence
Harry,teach,level skills
Harry,has learned from,Harry previous encounters
Harry,teach,level skills Against Dark Arts
Dumbledore,has,Army
Hermione,form,study group
Hermione,form,Dumbledore 's Army
Harry,teach,higher level skills
Harry,teach,level skills of Defence Against Dark Arts
Harry,teach,higher level skills of Defence Against Dark Arts
Harry,has learned from,Harry encounters with Dark wizards
Ron,form,secret study group
Harry,has learned from,Harry encounters
Ron,form,study group
Harry,has learned from,Harry previous encounters with Dark wizards
Harry,teach,higher level skills Against Dark Arts
Harry,develop,crush
Harry,begins Through,lessons
Harry,develop,crush on Cho Chang
Harry,develop,crush on popular Cho Chang
Harry,constantly receives dreams about,dark corridor in Ministry
Harry,receives dreams about,dark corridor
dark corridor,is in,Ministry of MagicMagic
Harry,constantly receives dreams about,dark corridor in Ministry of MagicMagic
Harry,constantly receives dreams about,corridor in Ministry
Harry,receives dreams about,dark corridor in Ministry of MagicMagic
Harry,constantly receives dreams about,corridor
Harry,constantly receives,disturbing dreams
Harry,constantly receives dreams about,dark corridor
Harry,receives dreams about,corridor in Ministry
Harry,receives dreams about,corridor
Harry,constantly receives dreams about,corridor in Ministry of MagicMagic
Harry,receives,disturbing dreams
Harry,receives dreams about,corridor in Ministry of MagicMagic
Harry,receives dreams about,dark corridor in Ministry
Harry,constantly receives,dreams
Umbridge,has,incessant
Harry,receives,dreams
Voldemort,have,painful connection
Voldemort,allowing,Harry
Harry,view telepathically,some Voldemort 's actions
Harry,have,painful connection
Harry,view telepathically,some
Voldemort,of,actions
Harry,view,some
Harry,view telepathically,some of Voldemort 's actions
Harry,view,some of Voldemort 's actions
important prophecy,is,then revealed
Harry,view,some Voldemort 's actions
Voldemort,have,connection
Harry,have,connection
prophecy,is,then revealed
prophecy,is,revealed
important prophecy,is,revealed
Harry,is tricked into In,novel 's climax
Harry,is tricked In,novel 's climax
Harry,is,tricked into
novel,In,climax
Harry,is,tricked
Voldemort,against,followers
his friends,face off against,Voldemort 's followers
He,face off at,Ministry
his friends,face off at,Ministry
He,face off against,Voldemort 's followers
He,face off at,Ministry of MagicMagic
his friends,face off at,Ministry of MagicMagic
Phoenix,saves,teenagers ' lives
timely arrival,saves,teenagers ' lives
teenagers ' lives,arrival of,members
teenagers ' lives,arrival of,members of Order
teenagers ' lives,timely arrival of,members
teenagers ' lives,timely arrival of,members of Order
arrival,saves,teenagers ' lives
Sirius Black,is,killed
Sirius Black,is killed in,conflict
teenagers ' lives,arrival of,members of Order of Phoenix
teenagers ' lives,timely arrival of,members of Order of Phoenix
Harry Potter,begins warfare In,sixth book
Half Blood Prince,begins,open warfare
Harry Potter,begins,warfare
Half Blood Prince,begins warfare In,book
Harry Potter,begins,open warfare
Half Blood Prince,begins,warfare
Harry Potter,begins,waging open warfare
Harry Potter,begins,waging warfare
Harry Potter,begins warfare In,book
Half Blood Prince,begins,waging open warfare
Half Blood Prince,begins warfare In,sixth book
Half Blood Prince,begins,waging warfare
Harry friends,are,protected
Harry friends,are relatively protected from,danger at Hogwarts
Harry friends,are relatively protected from,danger
Harry friends,are protected from,danger at Hogwarts
Harry friends,are,relatively protected
Harry friends,are protected from,danger
Ron,establishes,strong infatuation
strong infatuation,is with,fellow Hogwarts student Lavender Brown
Hermione,romantic feelings towards,Ron
Ron,establishes,infatuation with fellow Hogwarts student Lavender Brown
Harry,eventually begins,Ginny
Harry,eventually begins,starts
Ron,establishes,infatuation with Hogwarts student Lavender Brown
Ron,infatuation with,Hogwarts student Lavender Brown
Hermione,feelings towards,Ron
his friends,are,subject to difficulties of adolescence
his friends,are subject to,difficulties of adolescence
Harry,begins,Ginny
Ron,strong infatuation with,fellow Hogwarts student Lavender Brown
Harry,begins,dating Ginny
Ron,establishes,strong infatuation with fellow Hogwarts student Lavender Brown
Harry,eventually begins,dating Ginny
Harry,are subject to,difficulties of adolescence
Harry,begins,starts
Ron,infatuation with,fellow Hogwarts student Lavender Brown
Ron,establishes,infatuation
Ron,strong infatuation with,Hogwarts student Lavender Brown
Ron,establishes,strong infatuation with Hogwarts student Lavender Brown
Harry,takes lessons With,war drawing
Harry,takes,lessons
Harry,takes,lessons with Dumbledore
private lessons,is with,Dumbledore
Harry various memories,called,Pensieve
Harry,takes,private lessons with Dumbledore
early life,is in,device
Harry,takes,private lessons
Harry memories,called,Pensieve
Harry,takes lessons With,war drawing near
Professor Snape,by killing is,titular Half Blood Prince
Chamber,culminates in,killing of Dumbledore by Professor Snape
Chamber,culminates in,titular Half Blood Prince
Chamber,culminates in,killing by Professor Snape
Dumbledore,of killing is,titular Half Blood Prince
Chamber,culminates in,killing of Dumbledore
Draco,attack Dumbledore upon,Dumbledore return
Draco,attack,Dumbledore
Chamber,culminates in,killing
Chamber,culminates in,Half Blood Prince
Harry Potter,begins after,events
Harry Potter,begins after,events of Chamber
Hallows,begins directly after,events
Hallows,begins after,events of Chamber of Secrets
Harry Potter,novel in,series
Hallows,begins after,events
Harry Potter,begins directly after,events of Chamber
Hallows,begins after,events of Chamber
Hallows,begins directly after,events of Chamber of Secrets
last original novel,is in,series
Harry Potter,begins after,events of Chamber of Secrets
Hallows,begins directly after,events of Chamber
Harry Potter,begins directly after,events of Chamber of Secrets
Harry Potter,begins directly after,events
Lord Voldemort,has completed,Lord Voldemort ascension
Lord Voldemort,gained,control of Ministry
Lord Voldemort,has completed,Lord Voldemort ascension to power
Lord Voldemort,gained,control
Lord Voldemort,gained,control of Ministry of MagicMagic
Hermione,drop,Ron Hermione can find
Harry,drop,Harry Ron can find
Hermione,destroy,Voldemort 's Horcruxes
Hermione,drop,Harry can find
Hermione,drop,Harry Ron can find
Harry,drop,so Harry Ron Hermione can find
Harry,drop,so Harry Ron can find
Hermione,drop,so Hermione can find
Hermione,drop,so Harry Hermione can find
Hermione,drop,so Harry can find
Ron,drop,Harry Hermione can find
Ron,drop,so Harry Ron Hermione can find
Ron,drop,Ron Hermione can find
Hermione,drop,Harry Hermione can find
Harry,drop,Ron can find
Ron,drop,Harry can find
Ron,drop,Hermione can find
Hermione,drop,Hermione can find
Ron,drop,so Harry Hermione can find
Harry,drop,Harry Hermione can find
Harry,drop,so Harry can find
Ron,drop,Harry Ron can find
Hermione,drop,so Ron can find
Hermione,drop,Harry Ron Hermione can find
Ron,drop,Ron can find
Hermione,drop,so Harry Ron Hermione can find
Harry,drop,so Ron Hermione can find
Hermione,drop,so Harry Ron can find
Harry,drop,so Ron can find
Hermione,destroy,Voldemort 's remaining Horcruxes
Harry,drop,Harry can find
Harry,drop,Hermione can find
Hermione,drop,Ron can find
Ron,drop,so Harry can find
Ron,drop,so Ron Hermione can find
Ron,drop,so Harry Ron can find
Harry,drop,so Hermione can find
Ron,drop,Harry Ron Hermione can find
Ron,drop,so Hermione can find
Harry,drop,Ron Hermione can find
Harry,drop,Harry Ron Hermione can find
Ron,drop,so Ron can find
Voldemort,has,remaining Horcruxes
Hermione,drop,so Ron Hermione can find
Harry,drop,so Harry Hermione can find
Harry,own,safety
that,are,forced
that,isolate,Harry
ghoul,pretends,to ill with contagious disease
ghoul,pretends,ill
Hermione,sends,her parents
ghoul,pretends,ill with disease
Hermione,sends abroad,her parents
ghoul,pretends,to ill
Hermione,wipes,Harry parents ' memories
ghoul,pretends,ill with contagious disease
ghoul,pretends,to ill with disease
Voldemort 's remaining Horcruxes,for searches is,three legendary items
her parents,learn,details
her parents,learn,details about prophecy
her parents,learn,details about ancient prophecy of Hallows
her parents,details about,prophecy of Hallows
person,be,Master
her parents,details about,ancient prophecy of Deathly Hallows
her parents,details about,prophecy
her parents,learn,details about ancient prophecy
her parents,details about,ancient prophecy of Hallows
her parents,learn,details about prophecy of Deathly Hallows
person,be Master of,Death
person,united under,one Keeper
her parents,learn,details about ancient prophecy of Deathly Hallows
her parents,details about,ancient prophecy
her parents,details about,prophecy of Deathly Hallows
Voldemort,for,remaining Horcruxes
her parents,learn,details about prophecy of Hallows
Harry,discovers,Harry handy Invisibility Cloak
Elder Wand,wand in,history
powerful wand,is in,history
Harry,discovers,Harry Invisibility Cloak
Voldemort,be searching for,another
Snape,has,true motives
Harry,worked about,Dumbledore 's past
Harry,worked on,Dumbledore 's behalf
Dumbledore,on,behalf
Harry,worked since,murder of Harry 's mother
Harry,of,mother
Dumbledore,about,past
Harry friends,learn At,end of book
Harry friends,learn At,end
Harry,worked since,murder
Snape,is killed by,Voldemort
Snape,Eventually is killed by,Voldemort
Chamber,culminates in,Battle
Chamber,culminates in,Battle of Hogwarts
conjunction,is with,members of Order of Phoenix
Several major characters,are killed in,wave of battle
characters,are killed in,first wave including Remus Lupin
Several characters,are killed in,wave including Remus Lupin
characters,are killed in,first wave of battle including Remus Lupin
Several major characters,are killed in,wave of battle including Remus Lupin
Several characters,are killed in,wave
Several major characters,are killed in,first wave of battle
Several characters,are killed in,first wave including Remus Lupin
major characters,are killed in,first wave
Several characters,are,killed
Several characters,are killed in,wave of battle
Several characters,are killed in,first wave
major characters,are killed in,wave of battle
major characters,are killed in,first wave including Remus Lupin
major characters,are,killed
major characters,are killed in,wave
characters,are killed in,wave
characters,are killed in,first wave
Several major characters,are killed in,first wave of battle including Remus Lupin
Remus Lupin,brother 's,Ron
characters,are killed in,first wave of battle
Ron,has,older brother
Several major characters,are,killed
Several major characters,are killed in,wave including Remus Lupin
major characters,are killed in,first wave of battle
Several characters,are killed in,wave of battle including Remus Lupin
major characters,are killed in,wave of battle including Remus Lupin
major characters,are killed in,wave including Remus Lupin
Several characters,are killed in,first wave of battle including Remus Lupin
Several major characters,are killed in,wave
characters,are killed in,wave including Remus Lupin
Several characters,are killed in,first wave of battle
characters,are,killed
major characters,are killed in,first wave of battle including Remus Lupin
characters,are killed in,wave of battle
Several major characters,are killed in,first wave including Remus Lupin
Several major characters,are killed in,first wave
characters,are killed in,wave of battle including Remus Lupin
Harry,surrenders,himself
Harry,faces,Voldemort
Horcruxes,have,have destroyed
Voldemort 's curse,rebounds off,Harry 's spell
Voldemort 's curse,rebounds off,Harry 's defensive spell
Voldemort 's killing curse,rebounds off,Harry 's defensive spell
Voldemort 's killing curse,rebounds off,Harry 's spell
Voldemort,has,killing curse
Harry,has,defensive spell killing
epilogue Nineteen Years,Later describes,lives
epilogue Nineteen Years,Later describes,lives of surviving characters
epilogue Nineteen Years,describes,lives of characters
epilogue Nineteen Years,describes,lives of surviving characters
Voldemort,of,death on Wizarding World
epilogue Nineteen Years,Later describes,lives of characters
epilogue Nineteen Years,describes,lives
Ron,are,In epilogue married
Ron,are,married
Ron,are,married with three children
Ron,are,married with two children
Ron,are,In epilogue married with three children
cousin – Dursleys –,discovers,age
non-magical people,known,Muggles
The wizarding world,exists,parallel Muggle world
children abilities,invited,attend exclusive magic schools
necessary skills,succeed wizarding,world
Harry,becomes,student Hogwarts School Witchcraft Wizardry
events series,take,place
Harry,develops,adolescence
test,preparing,confrontation
Harry,viewing,memories characters
others,invented,Rowling
real world,contains,magical versions
Surrey,southeast,England
magical beings comprises,fragmented,collection
apparent significant event,taken,place
desperate prevention Harry,learning,abilities
first contact,wizarding,world
Harry,survived,lightning-shaped scar forehead memento attack
Harry,become living,legend
Harry,placed,home
meals,treating,servant
famous magic school Scotland,educates,young teenagers
Harry,prepares,undertakes
reader,introduced,many primary locations
broomsticks,recruited,house
sport,wizarding,world players
The first book,concludes,Harry
substance bestows,everlasting,life
The series,continues,Harry Potter Chamber Secrets
old notebook belongings,turns,diary previous student
bent,ridding,school
derogatory term,describing,wizards witches
Ginny,acts,Voldemort
Harry discovers,prejudice,exists Wizarding World
wizards witches,descended,Muggles
puzzles,unlock,Chamber Secrets
Harry,destroying,diary good saving Ginny
culprit,slipped,book Ginny
Harry,must deal,knowledge
mass murderer,assisted,murder Harry
Harry,struggles,reaction dementors
dark creatures power,devour,human soul feed despair –
Harry,comes know,Lupin Black
father Black,framed,fourth friend
series,emphasised,–
red café Rowling,wrote,chapters Harry Potter Philosopher
cafés Edinburgh Rowling,wrote,first part Harry Potter
Cafe,renamed,Spoon Edinburgh J. K. Rowling
tasks order,win,Triwizard Cup
Harry,must compete witch,wizard
Harry,guided,tournament new Defence Against Dark Arts professor
supporters,named,Barty Crouch
The point mystery,unravelled,marks series
Dumbledore,re-activates,Order Phoenix
secret society,works,Sirius Black
minions,protect,Voldemort
magical world refuse,believe,Voldemort
prominent voice Wizarding World,attempting,warn Voldemort
Ministry,appoints,Dolores Umbridge High Inquisitor Hogwarts
dictatorial regime refuses,transforms,school
dictatorial regime refuses,allow,students
ways,defend,dark magic
secret study group Harry,agrees teach,classmates
higher-level skills Defence Against Dark Arts,learned,previous encounters Dark wizards
Harry,begins develop,crush popular attractive Cho Chang
incessant persistent efforts,land,trouble
Harry,begins,lose sleep
An important prophecy,concerning,Harry Lord Voldemort
Harry,discovers,Voldemort
Harry,tricked seeing,Sirius
timely arrival members,Order,Phoenix
Sirius Black,killed,conflict
Voldemort,begins waging,open warfare
Ron,subject,difficulties adolescence – Harry
Ron,establishes,strong infatuation fellow Hogwarts student Lavender Brown
Hermione,starts develop,romantic feelings towards Ron
Harry,given,old potions
many annotations recommendations,signed,mysterious writer
Harry,takes,private lessons Dumbledore
various memories,concerning,early life Voldemort device
Voldemort,split,soul pieces
items,hidden,various locations
return,collecting,Horcrux
book culminates,killing,Dumbledore Professor Snape
Lord Voldemort,completed,ascension power
Ron Hermione drop school,find,destroy Voldemort
A ghoul,pretends,Ron
Hermione,wipes,parents
Harry,discovers,handy Invisibility Cloak
Harry,friends learn,Dumbledore
true motives,– worked,Dumbledore
Snape,killed,Voldemort paranoia
The book,culminates,Battle Hogwarts
Harry,surrenders,Voldemort Forbidden Forest
The defenders Hogwarts surrender,learning,Harry
Harry,awakens faces,Voldemort
curse,rebounds,Harry
lives,surviving,characters effects Voldemort
